Employee_ID,Age,Gender,Education,Experience,Department,Job_Level,Monthly_Salary,Performance_Score,Working_Hours,Satisfaction_Score
1001,50,Female,Master,4,Marketing,Junior,65379,2,147,1
1002,36,Male,PhD,2,Marketing,Junior,73939,8,164,7
1003,29,Male,Master,22,Sales,Mid,116274,9,136,1
1004,42,Male,Master,25,Finance,Junior,117696,4,159,7
1005,40,Male,PhD,23,IT,Junior,96962,9,235,8
1006,44,Female,Master,18,IT,Senior,92851,4,122,9
1007,32,Female,PhD,24,Marketing,Junior,142747,9,195,3
1008,32,Female,PhD,20,Sales,Senior,90296,7,222,4
1009,45,Male,Master,11,IT,Junior,72745,2,195,4
1010,57,Female,Master,32,IT,Mid,126730,9,185,9
1011,45,Male,Bachelor,3,Finance,Junior,47921,4,239,7
1012,24,Female,PhD,6,HR,Junior,75894,8,165,3
1013,43,Male,Bachelor,21,Marketing,Junior,93602,7,205,5
1014,23,Male,Master,32,Marketing,Senior,138575,7,206,7
1015,45,Female,Bachelor,16,HR,Mid,92023,8,149,8
1016,51,Female,PhD,23,IT,Junior,139349,1,188,1
1017,59,Female,Bachelor,33,Finance,Senior,139997,5,128,2
1018,23,Female,PhD,27,Finance,Mid,123750,2,204,7
1019,42,Male,Master,21,Marketing,Senior,129979,2,130,2
1020,54,Female,Master,16,Finance,Senior,95837,1,188,7
1021,33,Female,PhD,33,HR,Mid,138997,5,218,9
1022,43,Female,Master,5,IT,Junior,79439,2,210,2
1023,46,Male,Master,5,HR,Senior,63067,4,232,7
1024,48,Male,Master,33,Sales,Senior,169039,3,185,4
1025,49,Female,Master,0,Marketing,Junior,45923,3,207,2
1026,37,Male,PhD,9,Finance,Junior,60876,2,150,7
1027,36,Female,Bachelor,20,Sales,Mid,87887,6,152,5
1028,24,Male,Bachelor,4,Finance,Mid,79422,2,158,1
1029,58,Male,Master,1,IT,Mid,64854,8,213,5
1030,28,Male,Bachelor,21,IT,Junior,124948,8,165,3
1031,42,Male,Bachelor,1,IT,Senior,30841,5,156,7
1032,30,Female,Master,9,Finance,Senior,80756,7,234,6
1033,39,Female,Master,33,Sales,Mid,130040,4,211,8
1034,25,Female,Bachelor,15,IT,Junior,80304,1,179,5
1035,46,Male,PhD,21,Sales,Senior,118341,2,150,2
1036,35,Female,Master,11,Finance,Mid,62758,4,130,9
1037,30,Female,PhD,23,Sales,Senior,111010,1,206,8
1038,47,Female,Bachelor,9,Finance,Senior,83658,8,121,6
1039,23,Male,Master,34,Finance,Junior,176002,9,223,7
1040,41,Male,PhD,31,Marketing,Junior,155782,4,224,9
1041,49,Male,Master,6,Finance,Senior,44375,3,146,7
1042,28,Female,Bachelor,20,Finance,Mid,118949,2,218,3
1043,29,Female,PhD,19,HR,Junior,104092,5,121,6
1044,56,Female,Bachelor,25,IT,Senior,100490,3,222,7
1045,35,Male,Bachelor,3,Marketing,Junior,37729,7,220,2
1046,38,Male,Master,21,Marketing,Junior,93974,6,140,3
1047,57,Female,PhD,14,Marketing,Junior,86680,1,177,4
1048,25,Male,Bachelor,20,HR,Senior,103324,8,124,6
1049,23,Male,Bachelor,14,Finance,Mid,98334,2,171,1
1050,27,Male,PhD,21,IT,Mid,109398,5,164,9
1051,25,Male,Bachelor,27,Sales,Mid,140650,9,204,5
1052,50,Female,Bachelor,13,Finance,Junior,85292,8,212,7
1053,39,Male,PhD,26,HR,Senior,138755,2,139,9
1054,47,Male,PhD,27,Finance,Junior,144353,9,180,9
1055,55,Male,PhD,25,Finance,Mid,103159,5,157,1
1056,31,Male,PhD,1,HR,Mid,60626,6,139,1
1057,57,Female,Master,24,Marketing,Senior,126351,3,233,3
1058,35,Female,PhD,2,Marketing,Junior,68298,3,144,6
1059,52,Male,Master,7,IT,Mid,63065,8,121,2
1060,36,Male,Master,32,IT,Senior,142638,2,151,1
1061,29,Male,Master,34,Marketing,Junior,128073,2,145,1
1062,35,Male,Bachelor,5,Sales,Junior,86511,5,189,5
1063,44,Male,Master,22,Finance,Mid,109771,6,160,4
1064,42,Male,Master,24,Sales,Mid,132461,2,186,1
1065,37,Female,Bachelor,18,Finance,Junior,121330,5,216,4
1066,39,Male,Bachelor,4,Marketing,Junior,66320,7,120,3
1067,45,Female,Bachelor,10,IT,Mid,59340,8,170,2
1068,47,Female,PhD,11,IT,Junior,92924,7,124,9
1069,46,Male,Bachelor,9,Sales,Mid,68184,8,132,1
1070,50,Female,Bachelor,7,IT,Junior,86734,9,138,7
1071,36,Female,Master,23,Marketing,Mid,96580,5,131,4
1072,22,Female,Bachelor,27,Sales,Senior,146025,5,167,5
1073,46,Female,PhD,20,Finance,Mid,113967,4,144,5
1074,28,Female,Bachelor,7,IT,Mid,48159,9,176,1
1075,30,Female,PhD,8,HR,Senior,97940,5,234,6
1076,45,Male,Bachelor,14,IT,Junior,80900,2,154,9
1077,22,Female,Bachelor,17,Finance,Senior,87440,8,195,2
1078,29,Female,Bachelor,19,Sales,Mid,96678,7,213,7
1079,45,Female,Bachelor,5,Finance,Junior,87204,8,124,6
1080,32,Male,PhD,11,HR,Senior,70021,3,217,5
1081,38,Female,PhD,1,Marketing,Junior,34772,4,141,4
1082,29,Male,Master,6,IT,Junior,44627,5,222,4
1083,56,Female,PhD,15,Sales,Senior,114432,6,196,6
1084,56,Male,Bachelor,2,Marketing,Junior,39219,1,176,4
1085,54,Male,Master,2,Finance,Senior,54464,4,166,5
1086,26,Female,Master,26,Sales,Mid,133232,5,173,6
1087,49,Female,Master,32,Marketing,Junior,163481,7,122,5
1088,28,Male,Bachelor,27,Sales,Mid,114488,5,172,7
1089,30,Female,PhD,0,HR,Mid,59949,1,203,9
1090,29,Male,Bachelor,7,HR,Junior,90362,7,150,7
1091,33,Male,Master,31,IT,Senior,157932,8,188,7
1092,55,Male,Bachelor,3,IT,Junior,52981,7,207,4
1093,54,Male,Bachelor,29,HR,Mid,112901,4,223,1
1094,44,Male,PhD,5,Sales,Mid,62444,8,237,8
1095,45,Female,PhD,18,HR,Senior,121058,5,152,4
1096,58,Male,Master,31,IT,Junior,136061,9,191,1
1097,56,Male,Bachelor,8,HR,Mid,51881,5,207,5
1098,43,Female,Bachelor,11,HR,Mid,87863,1,169,8
1099,48,Male,PhD,10,Sales,Mid,100826,9,203,4
1100,56,Female,Bachelor,15,Marketing,Senior,75622,5,135,8
1101,22,Female,Bachelor,0,IT,Mid,26378,6,233,8
1102,56,Female,Bachelor,20,Sales,Mid,102632,4,235,3
1103,58,Male,PhD,29,HR,Junior,140311,6,195,9
1104,35,Male,Master,12,HR,Junior,66650,8,196,3
1105,24,Male,Master,33,Marketing,Mid,169201,3,228,1
1106,22,Female,Bachelor,3,IT,Mid,76224,5,225,2
1107,26,Male,Master,27,IT,Junior,113036,2,158,6
1108,47,Female,PhD,30,Finance,Senior,154255,2,208,2
1109,35,Male,PhD,26,IT,Senior,125499,7,165,6
1110,48,Female,Master,4,Marketing,Senior,74016,6,215,1
1111,30,Male,Master,24,Finance,Senior,101603,4,207,1
1112,36,Male,Bachelor,2,Finance,Senior,58773,5,231,5
1113,36,Male,Master,32,HR,Senior,140937,1,166,9
1114,47,Female,Bachelor,3,HR,Senior,46632,7,163,8
1115,34,Female,Bachelor,24,IT,Senior,127607,8,128,3
1116,53,Male,PhD,19,Finance,Junior,108337,9,223,3
1117,53,Male,PhD,33,HR,Senior,124220,8,233,1
1118,25,Female,PhD,25,Marketing,Senior,146994,5,206,3
1119,51,Female,PhD,4,HR,Senior,41818,3,169,1
1120,58,Female,Master,34,HR,Mid,134349,9,196,8
1121,44,Male,PhD,27,Finance,Junior,111618,6,179,1
1122,36,Female,Master,28,Finance,Junior,136464,5,215,5
1123,50,Male,PhD,8,Sales,Junior,91624,3,233,9
1124,57,Female,Master,5,Marketing,Senior,77344,6,134,7
1125,34,Male,Bachelor,18,Finance,Senior,97255,3,155,4
1126,53,Female,Master,10,IT,Mid,79299,6,232,9
1127,28,Female,Master,1,Marketing,Junior,75975,4,182,9
1128,43,Female,PhD,8,Marketing,Senior,50462,2,188,2
1129,49,Female,Master,20,Finance,Junior,100905,8,205,6
1130,23,Female,Bachelor,23,Marketing,Mid,118920,4,199,4
1131,27,Male,Bachelor,33,Finance,Mid,140252,9,160,8
1132,49,Female,PhD,21,HR,Mid,129004,7,193,7
1133,49,Female,Bachelor,2,Sales,Junior,71581,2,143,7
1134,41,Female,Master,11,HR,Senior,92836,4,201,9
1135,51,Male,Bachelor,27,Finance,Senior,111753,5,168,5
1136,32,Female,PhD,29,Finance,Mid,152005,3,137,6
1137,49,Male,Master,25,HR,Senior,114175,9,126,1
1138,46,Female,PhD,20,IT,Mid,91191,5,123,6
1139,54,Female,Master,27,IT,Junior,123898,2,209,2
1140,22,Male,Bachelor,25,IT,Mid,118982,3,188,6
1141,48,Female,PhD,32,Finance,Junior,135622,9,179,9
1142,34,Male,PhD,20,Marketing,Mid,86001,7,174,8
1143,24,Male,Master,34,Finance,Senior,174645,2,135,9
1144,27,Female,PhD,33,Marketing,Senior,167000,9,218,8
1145,29,Male,Master,17,HR,Mid,99283,4,209,3
1146,48,Female,Master,10,Sales,Senior,76435,9,201,8
1147,30,Female,Master,22,Marketing,Senior,118223,2,148,6
1148,58,Male,Master,21,IT,Senior,125244,4,142,6
1149,54,Male,Bachelor,16,Finance,Junior,103024,5,236,6
1150,45,Male,Master,4,HR,Senior,86630,2,133,3
1151,36,Male,PhD,10,IT,Junior,85734,1,198,1
1152,53,Female,Bachelor,29,HR,Mid,112515,7,168,4
1153,53,Female,PhD,14,Sales,Senior,112246,1,152,6
1154,45,Male,Bachelor,26,Finance,Senior,104191,8,144,2
1155,33,Female,Master,34,Finance,Senior,159264,3,140,7
1156,23,Female,Bachelor,32,Sales,Mid,164628,6,136,7
1157,24,Female,Bachelor,19,Finance,Junior,128216,7,142,4
1158,58,Female,PhD,15,Marketing,Junior,76297,1,176,4
1159,38,Male,PhD,33,HR,Senior,151856,6,226,1
1160,23,Male,Master,1,IT,Mid,77423,7,200,2
1161,23,Female,Bachelor,34,Sales,Mid,135334,6,177,9
1162,49,Male,Bachelor,27,Marketing,Mid,130162,4,133,8
1163,44,Male,Bachelor,5,IT,Mid,46008,1,212,8
1164,58,Male,Master,8,IT,Mid,56987,9,139,9
1165,53,Female,Master,19,Sales,Junior,112966,4,149,7
1166,54,Female,Master,0,Marketing,Junior,28332,7,138,9
1167,22,Female,Master,7,IT,Junior,46787,7,172,2
1168,40,Male,Master,22,IT,Senior,129990,2,222,6
1169,23,Female,PhD,2,Marketing,Mid,40873,1,175,3
1170,47,Female,Bachelor,3,Finance,Senior,51006,8,196,6
1171,53,Male,Bachelor,24,IT,Mid,117225,8,201,3
1172,27,Female,Bachelor,14,HR,Junior,103444,7,142,8
1173,53,Female,Bachelor,20,Marketing,Senior,120340,8,181,4
1174,25,Male,Bachelor,34,IT,Junior,166683,3,229,6
1175,32,Male,Bachelor,13,Sales,Mid,69033,2,152,9
1176,38,Male,Bachelor,11,HR,Mid,65788,7,222,2
1177,59,Female,Bachelor,16,IT,Mid,88689,8,223,2
1178,45,Female,PhD,8,HR,Junior,93220,1,137,7
1179,26,Female,Bachelor,34,HR,Mid,148598,9,192,2
1180,55,Male,PhD,12,Finance,Junior,98480,4,152,2
1181,27,Male,Master,14,HR,Senior,96703,4,151,4
1182,43,Female,Bachelor,17,Finance,Mid,76066,3,180,9
1183,32,Female,Master,32,Marketing,Mid,169623,6,173,8
1184,37,Male,Master,5,Finance,Mid,85246,1,136,2
1185,54,Male,Master,26,Sales,Senior,110533,6,138,8
1186,30,Male,PhD,22,IT,Mid,106103,2,210,4
1187,27,Male,Master,26,Marketing,Junior,107616,9,189,2
1188,37,Female,Master,33,Marketing,Junior,170045,2,218,7
1189,50,Male,Master,13,Sales,Mid,102498,7,239,6
1190,24,Female,Bachelor,7,Finance,Mid,89492,1,220,5
1191,41,Female,Bachelor,34,IT,Senior,138772,7,153,1
1192,57,Female,PhD,18,Finance,Senior,102849,5,203,2
1193,40,Male,PhD,29,HR,Senior,161036,8,144,8
1194,47,Male,Bachelor,13,Finance,Mid,76940,4,187,1
1195,24,Male,PhD,19,Marketing,Senior,98932,7,193,3
1196,40,Male,Bachelor,24,IT,Senior,126769,6,193,2
1197,41,Female,Master,23,Finance,Junior,118648,5,207,5
1198,53,Male,Master,13,IT,Senior,111411,4,204,4
1199,28,Male,PhD,25,IT,Junior,132966,7,130,7
1200,54,Female,Bachelor,22,HR,Junior,118777,5,210,5
1201,39,Male,Bachelor,21,HR,Senior,120567,5,135,8
1202,22,Female,PhD,18,Marketing,Junior,128723,1,209,4
1203,32,Female,Bachelor,2,Sales,Mid,48174,2,180,6
1204,49,Female,Master,18,IT,Mid,121598,5,213,4
1205,46,Female,PhD,8,Sales,Senior,62798,3,232,2
1206,44,Female,PhD,27,Marketing,Mid,123558,2,199,1
1207,52,Female,Bachelor,19,IT,Junior,126237,4,126,1
1208,51,Female,PhD,6,IT,Mid,43178,4,135,8
1209,56,Female,Bachelor,13,Sales,Senior,84470,4,218,4
1210,28,Male,Bachelor,8,Finance,Senior,66118,4,135,5
1211,37,Male,Bachelor,18,HR,Junior,101616,3,159,8
1212,47,Male,Bachelor,13,Finance,Senior,64798,7,131,7
1213,23,Male,Bachelor,16,Sales,Mid,80601,9,154,8
1214,22,Female,PhD,29,HR,Senior,137363,5,232,8
1215,33,Male,Master,8,Finance,Junior,51795,4,140,6
1216,26,Female,Master,32,HR,Senior,152926,2,169,2
1217,58,Male,PhD,24,IT,Mid,142264,2,162,6
1218,53,Male,PhD,13,Finance,Junior,101356,5,219,1
1219,30,Male,Master,10,HR,Mid,62297,7,231,1
1220,56,Female,Master,34,HR,Junior,130084,9,136,3
1221,40,Male,Master,13,HR,Senior,94329,7,151,3
1222,37,Female,Master,29,Finance,Junior,123110,5,160,5
1223,24,Female,Master,3,Marketing,Junior,34731,6,125,1
1224,41,Male,Bachelor,3,Finance,Senior,35129,3,207,6
1225,45,Male,PhD,27,Sales,Mid,134022,5,146,7
1226,54,Male,Bachelor,7,Finance,Senior,47605,8,139,3
1227,45,Female,Master,1,HR,Junior,39970,1,144,4
1228,32,Male,Master,21,IT,Senior,131705,1,185,3
1229,29,Female,Master,15,Finance,Junior,114130,7,128,1
1230,57,Female,Bachelor,28,Finance,Senior,138265,5,211,8
1231,59,Male,Bachelor,29,HR,Senior,144330,5,172,2
1232,41,Male,Master,11,IT,Mid,60933,1,180,1
1233,56,Female,Bachelor,34,IT,Junior,142187,9,157,8
1234,46,Female,Bachelor,10,Sales,Mid,80791,1,122,7
1235,56,Female,Master,20,Finance,Junior,109900,5,203,7
1236,46,Male,Bachelor,20,IT,Senior,90074,9,189,4
1237,50,Female,PhD,4,IT,Junior,83805,4,222,9
1238,39,Male,PhD,19,Marketing,Mid,108426,8,216,6
1239,39,Female,PhD,2,Marketing,Mid,70867,6,174,2
1240,23,Female,PhD,32,IT,Mid,121893,3,120,1
1241,56,Male,Master,8,Sales,Junior,83158,4,220,1
1242,37,Female,Master,8,IT,Mid,68773,2,189,9
1243,57,Male,Master,3,HR,Mid,38239,1,164,4
1244,54,Male,PhD,34,Finance,Mid,147863,8,217,5
1245,25,Female,PhD,16,Sales,Senior,76432,1,166,3
1246,54,Male,Bachelor,33,HR,Senior,159139,1,198,4
1247,35,Male,Bachelor,23,Sales,Junior,95515,4,228,8
1248,42,Female,PhD,31,HR,Junior,149670,6,145,4
1249,41,Male,PhD,0,Finance,Mid,73674,9,133,9
1250,29,Male,PhD,7,Finance,Senior,85094,1,173,9
1251,28,Male,PhD,22,Marketing,Mid,105605,7,190,6
1252,24,Female,Bachelor,11,HR,Mid,63586,5,165,2
1253,38,Male,PhD,11,Marketing,Senior,93685,8,150,7
1254,54,Female,Bachelor,14,HR,Senior,115669,7,207,9
1255,33,Female,PhD,18,Marketing,Senior,110186,4,178,6
1256,43,Male,PhD,25,Finance,Junior,126928,4,214,3
1257,43,Male,PhD,28,Sales,Junior,141728,6,148,7
1258,51,Male,Bachelor,21,Marketing,Mid,105551,6,225,5
1259,59,Female,Bachelor,20,HR,Junior,106493,9,215,1
1260,59,Male,Master,19,HR,Senior,102711,5,136,3
1261,29,Male,PhD,28,Finance,Senior,129039,8,133,5
1262,48,Male,Master,3,HR,Junior,70561,5,223,7
1263,48,Male,Master,6,IT,Mid,52947,2,155,3
1264,55,Male,Bachelor,27,Sales,Mid,138335,6,177,6
1265,42,Female,Bachelor,27,Marketing,Junior,121859,9,231,5
1266,51,Female,Master,3,Sales,Mid,57122,3,143,1
1267,54,Male,PhD,21,Finance,Mid,89577,1,228,6
1268,49,Male,Bachelor,11,Marketing,Mid,100256,1,182,8
1269,54,Male,PhD,2,Marketing,Senior,59350,3,237,1
1270,26,Male,PhD,21,IT,Senior,129932,5,210,2
1271,40,Female,Master,1,Finance,Junior,61798,3,144,4
1272,25,Male,Master,23,HR,Senior,125898,9,178,2
1273,56,Female,Master,33,IT,Mid,139881,8,151,9
1274,38,Female,Master,26,IT,Senior,113785,3,235,8
1275,49,Male,Bachelor,0,Sales,Junior,31691,9,201,8
1276,51,Female,Bachelor,7,Sales,Senior,63297,6,229,4
1277,50,Female,Master,22,Sales,Mid,97358,7,137,5
1278,27,Female,Bachelor,5,IT,Mid,59581,4,156,4
1279,56,Female,Master,21,HR,Junior,89462,4,145,9
1280,58,Male,PhD,24,Marketing,Senior,112511,2,128,2
1281,45,Male,PhD,17,Sales,Senior,86570,5,218,8
1282,50,Female,PhD,16,HR,Senior,121665,8,183,2
1283,52,Male,Master,11,Finance,Mid,102414,7,191,1
1284,56,Male,PhD,5,Sales,Junior,55474,7,139,3
1285,54,Male,Bachelor,25,Marketing,Senior,107037,6,173,9
1286,42,Male,PhD,26,Finance,Mid,131129,3,225,3
1287,53,Male,PhD,7,Finance,Mid,88267,5,205,9
1288,44,Female,PhD,18,Marketing,Mid,92386,1,202,7
1289,54,Male,Bachelor,0,Sales,Senior,31221,7,149,1
1290,24,Male,Master,28,IT,Senior,132474,9,172,5
1291,39,Male,Bachelor,34,Marketing,Senior,167537,1,211,9
1292,46,Male,Master,13,Marketing,Senior,113839,2,218,3
1293,52,Female,Master,34,Marketing,Senior,174124,3,226,9
1294,24,Female,PhD,19,Finance,Senior,103045,3,182,5
1295,45,Female,Master,12,HR,Senior,86783,8,130,9
1296,53,Female,Bachelor,7,IT,Senior,86157,7,150,6
1297,43,Male,Bachelor,19,Sales,Senior,86922,6,168,9
1298,44,Female,Master,32,Sales,Mid,167407,4,231,7
1299,23,Male,PhD,25,HR,Senior,122706,9,222,7
1300,48,Male,PhD,20,Marketing,Junior,127771,1,219,8
1301,23,Male,Bachelor,8,IT,Mid,81479,2,213,7
1302,47,Male,PhD,23,Sales,Senior,99178,4,206,9
1303,38,Male,Master,16,Sales,Junior,103022,3,138,9
1304,54,Female,Master,23,Marketing,Senior,109240,1,131,6
1305,30,Female,Bachelor,20,HR,Junior,111220,5,134,7
1306,50,Female,Master,12,IT,Junior,97736,7,150,2
1307,47,Female,Bachelor,10,HR,Junior,57716,2,162,9
1308,56,Male,Master,18,HR,Junior,95574,5,220,1
1309,46,Female,Bachelor,10,IT,Mid,101279,6,156,1
1310,45,Male,PhD,12,IT,Mid,78719,7,198,3
1311,34,Female,Master,0,Sales,Junior,33181,1,148,6
1312,28,Male,Master,18,Sales,Senior,124763,7,233,5
1313,57,Male,Bachelor,11,IT,Junior,102066,4,226,2
1314,41,Female,Bachelor,7,Finance,Mid,95530,8,145,9
1315,22,Male,Master,7,Sales,Senior,66213,4,227,4
1316,29,Male,Bachelor,11,Finance,Mid,64380,6,121,4
1317,37,Female,Master,32,IT,Mid,121615,9,203,5
1318,35,Male,PhD,25,Sales,Senior,100463,5,134,8
1319,33,Female,Bachelor,27,HR,Junior,137973,4,235,4
1320,44,Female,Master,4,IT,Junior,46158,8,123,5
1321,36,Female,PhD,7,Marketing,Junior,66651,9,205,4
1322,49,Male,PhD,24,Finance,Junior,100158,4,169,6
1323,55,Male,Master,26,IT,Senior,123008,3,157,3
1324,23,Male,Bachelor,22,IT,Senior,137202,8,142,8
1325,53,Female,Master,29,Sales,Senior,116938,5,178,6
1326,44,Male,PhD,22,Sales,Mid,129185,2,209,5
1327,43,Female,Master,19,Sales,Senior,104388,9,234,2
1328,46,Female,Bachelor,17,Marketing,Junior,84881,3,194,7
1329,43,Male,PhD,17,Sales,Mid,81603,2,147,2
1330,43,Female,Master,1,IT,Junior,62980,1,239,1
1331,27,Male,Bachelor,3,Sales,Junior,56504,8,185,7
1332,36,Male,PhD,29,HR,Senior,128766,3,127,5
1333,58,Male,Bachelor,32,Sales,Senior,149386,7,148,1
1334,54,Male,PhD,17,Marketing,Junior,87695,1,130,4
1335,29,Male,Master,18,HR,Junior,96796,1,220,4
1336,26,Female,Bachelor,27,IT,Mid,148543,9,137,7
1337,25,Female,PhD,19,IT,Senior,96559,8,174,9
1338,27,Female,Bachelor,32,Finance,Mid,159914,3,169,2
1339,53,Male,Bachelor,11,HR,Mid,91139,6,133,1
1340,51,Male,Master,14,Finance,Mid,105333,3,237,2
1341,56,Male,Bachelor,1,HR,Junior,36802,4,193,7
1342,37,Female,PhD,28,HR,Mid,117307,1,218,6
1343,34,Male,PhD,9,Marketing,Mid,92205,5,128,4
1344,51,Female,PhD,1,Finance,Junior,61214,1,218,1
1345,40,Female,PhD,10,Marketing,Senior,89159,1,130,1
1346,38,Male,Master,12,HR,Senior,72516,7,182,5
1347,40,Male,Bachelor,9,IT,Mid,81086,6,227,1
1348,49,Female,Master,13,HR,Junior,112222,2,195,7
1349,47,Male,Bachelor,17,Marketing,Senior,106480,2,186,1
1350,58,Female,Bachelor,8,Finance,Mid,93659,7,172,1
1351,47,Male,Bachelor,27,Finance,Mid,153766,1,158,2
1352,44,Male,Master,2,Marketing,Junior,69737,2,197,3
1353,30,Female,Bachelor,19,Finance,Mid,91265,8,175,1
1354,33,Male,Master,5,Sales,Senior,88629,6,147,9
1355,22,Female,PhD,26,IT,Junior,108454,2,194,8
1356,22,Male,PhD,1,IT,Senior,63918,7,158,5
1357,55,Female,Bachelor,28,IT,Senior,135181,4,144,2
1358,53,Female,Master,2,Finance,Senior,46386,2,140,5
1359,46,Male,PhD,15,Finance,Mid,109182,6,129,6
1360,22,Female,Master,29,HR,Mid,149425,9,162,1
1361,37,Male,Master,1,HR,Senior,71254,9,134,4
1362,26,Male,Bachelor,16,IT,Senior,97327,8,202,9
1363,43,Male,PhD,11,Sales,Junior,79181,3,167,2
1364,50,Female,Bachelor,34,HR,Junior,174662,3,205,5
1365,24,Female,Bachelor,0,HR,Mid,46452,2,140,1
1366,33,Male,PhD,14,Finance,Mid,105248,5,179,4
1367,47,Male,PhD,25,Sales,Junior,140801,4,235,4
1368,37,Female,Master,20,IT,Senior,118751,7,227,6
1369,58,Male,PhD,30,HR,Mid,136991,4,215,9
1370,43,Male,Master,24,Sales,Senior,138311,9,169,3
1371,50,Female,Master,22,Sales,Junior,100916,2,142,9
1372,35,Male,Master,23,IT,Mid,104143,6,132,6
1373,49,Female,PhD,27,Sales,Mid,131855,7,188,7
1374,26,Male,Bachelor,20,Sales,Junior,100581,4,123,2
1375,51,Female,Master,17,Sales,Mid,77907,6,211,6
1376,26,Male,Bachelor,34,HR,Junior,156424,7,197,6
1377,33,Male,Bachelor,8,IT,Mid,72308,4,191,2
1378,37,Female,PhD,29,Sales,Junior,153984,8,128,2
1379,47,Male,Bachelor,33,Sales,Mid,165505,9,234,2
1380,47,Female,Bachelor,31,HR,Senior,164525,1,154,1
1381,42,Male,PhD,2,IT,Senior,67942,7,220,5
1382,57,Female,Master,2,Finance,Senior,57957,9,140,8
1383,54,Female,Bachelor,27,HR,Mid,131464,5,177,2
1384,51,Female,PhD,14,IT,Mid,115476,2,137,5
1385,58,Female,Bachelor,22,Sales,Senior,114649,6,216,8
1386,44,Male,Bachelor,10,IT,Senior,97065,7,191,5
1387,31,Male,Master,31,IT,Junior,145125,2,234,2
1388,26,Female,Bachelor,32,IT,Junior,155758,2,232,3
1389,57,Female,PhD,23,Finance,Junior,99596,1,200,6
1390,55,Female,Bachelor,33,IT,Senior,140374,4,162,5
1391,52,Male,Master,27,Finance,Senior,109775,7,214,4
1392,31,Male,Master,6,Sales,Senior,70388,9,217,4
1393,40,Male,PhD,3,Finance,Junior,55029,3,125,5
1394,53,Male,Master,0,Sales,Mid,43445,7,205,2
1395,22,Female,Bachelor,0,Sales,Senior,73474,7,197,9
1396,26,Female,Master,19,Finance,Mid,96645,7,186,2
1397,25,Female,PhD,18,HR,Mid,110105,2,131,2
1398,37,Male,Master,28,Marketing,Mid,122668,6,219,9
1399,45,Male,Master,9,IT,Junior,67960,2,131,3
1400,37,Male,Master,17,Marketing,Mid,87357,6,228,7
1401,23,Female,PhD,27,IT,Senior,143203,3,185,4
1402,49,Female,Master,34,IT,Junior,142804,2,121,6
1403,53,Male,Master,30,Sales,Senior,129626,6,134,4
1404,48,Female,Bachelor,26,IT,Senior,131132,2,142,7
1405,41,Male,PhD,10,IT,Junior,62951,5,148,1
1406,45,Male,Master,4,Finance,Senior,43449,2,200,3
1407,33,Female,PhD,7,Marketing,Senior,65065,3,215,3
1408,56,Male,Master,33,Finance,Junior,159967,3,126,1
1409,54,Female,Master,11,IT,Senior,97536,6,213,6
1410,54,Male,Master,0,Sales,Mid,34130,6,147,9
1411,58,Female,Bachelor,30,Finance,Senior,138824,3,133,8
1412,33,Female,Bachelor,3,Finance,Mid,75401,3,163,7
1413,24,Female,Bachelor,4,HR,Senior,73993,1,149,8
1414,22,Male,PhD,29,IT,Junior,143875,7,200,6
1415,54,Male,PhD,23,Sales,Junior,143748,8,151,9
1416,31,Female,Bachelor,2,Finance,Senior,37054,2,229,3
1417,50,Female,PhD,10,Finance,Junior,89273,4,189,9
1418,34,Male,Master,3,Sales,Senior,75821,7,234,4
1419,33,Male,Master,25,IT,Junior,148517,8,207,7
1420,52,Male,Master,26,HR,Mid,113832,1,125,9
1421,23,Female,Bachelor,26,Finance,Senior,132670,4,146,2
1422,56,Male,PhD,5,HR,Mid,89112,6,201,2
1423,44,Male,Bachelor,14,Marketing,Mid,89852,3,207,9
1424,38,Female,PhD,29,IT,Senior,135620,5,220,3
1425,47,Male,Master,34,Marketing,Mid,155307,9,239,9
1426,29,Male,Bachelor,22,Marketing,Senior,138551,3,143,5
1427,50,Male,PhD,5,Marketing,Mid,41551,5,221,6
1428,47,Female,PhD,3,IT,Senior,81922,8,153,2
1429,31,Female,Master,17,IT,Senior,103812,6,159,8
1430,47,Female,Bachelor,8,Sales,Junior,62799,4,166,9
1431,55,Female,Bachelor,28,HR,Senior,135312,8,198,2
1432,28,Female,Bachelor,12,HR,Senior,100620,3,194,6
1433,25,Female,Master,16,Sales,Mid,74449,3,205,6
1434,32,Female,Bachelor,31,Sales,Senior,142426,4,237,8
1435,50,Male,Master,21,Marketing,Junior,123427,9,143,5
1436,57,Male,Master,3,Sales,Mid,74277,5,184,9
1437,46,Female,Master,4,Finance,Mid,68551,8,137,1
1438,42,Male,PhD,12,HR,Junior,85277,6,163,9
1439,57,Male,Bachelor,33,Sales,Mid,159489,3,195,7
1440,31,Female,Bachelor,21,Finance,Mid,133212,8,176,4
1441,58,Male,Master,22,Finance,Mid,100637,9,226,3
1442,30,Male,Master,2,Finance,Mid,74258,8,147,6
1443,45,Male,Bachelor,33,Finance,Junior,159693,4,223,1
1444,56,Male,Master,31,Marketing,Junior,127824,6,190,3
1445,56,Male,Bachelor,20,Finance,Mid,111950,1,142,2
1446,57,Female,PhD,20,Marketing,Mid,108488,4,204,9
1447,39,Female,Master,10,Marketing,Junior,94008,8,153,3
1448,53,Female,Bachelor,3,Finance,Junior,83664,1,130,2
1449,45,Male,Master,0,HR,Junior,25215,3,205,4
1450,44,Female,Bachelor,27,Finance,Mid,146067,1,225,2
1451,53,Male,Bachelor,23,Finance,Mid,105523,9,154,1
1452,58,Male,Master,34,Finance,Senior,137364,2,235,6
1453,33,Male,PhD,12,HR,Junior,64153,9,212,8
1454,34,Male,Bachelor,33,IT,Mid,147834,4,161,2
1455,44,Female,Bachelor,10,IT,Junior,89474,2,147,9
1456,46,Female,Bachelor,16,Marketing,Mid,116066,4,201,3
1457,56,Male,PhD,34,Marketing,Junior,161335,6,197,8
1458,51,Female,PhD,17,HR,Mid,86400,7,201,8
1459,38,Male,Master,21,Sales,Senior,98345,3,211,3
1460,41,Female,PhD,23,IT,Senior,127896,3,143,3
1461,46,Female,Master,18,Marketing,Junior,98894,8,127,6
1462,43,Male,Master,20,IT,Mid,113899,5,225,1
1463,34,Female,PhD,7,HR,Mid,86635,4,237,4
1464,40,Male,Master,27,HR,Junior,134229,7,228,1
1465,57,Female,PhD,4,Sales,Mid,42583,7,172,3
1466,33,Male,Master,16,Sales,Junior,77897,9,191,9
1467,40,Male,PhD,18,HR,Mid,85001,9,123,5
1468,33,Female,PhD,26,Marketing,Junior,146881,5,210,5
1469,30,Female,Master,33,IT,Mid,128567,8,219,4
1470,28,Male,Bachelor,10,Finance,Junior,64271,1,124,3
1471,49,Female,Master,11,Sales,Mid,105116,9,216,5
1472,35,Female,PhD,20,Finance,Senior,96703,8,168,4
1473,52,Male,Bachelor,10,Marketing,Mid,68329,6,217,8
1474,40,Male,Master,27,Sales,Junior,141509,3,149,4
1475,37,Female,Master,4,Finance,Senior,43256,3,191,8
1476,26,Male,Master,16,Marketing,Mid,73228,8,222,6
1477,56,Male,Bachelor,19,IT,Senior,106746,5,182,5
1478,33,Male,PhD,11,Marketing,Mid,74678,7,166,4
1479,46,Female,Master,5,Sales,Senior,77052,5,145,4
1480,42,Female,Master,16,HR,Junior,119032,8,176,4
1481,57,Male,Master,18,IT,Mid,125158,4,156,9
1482,44,Female,Master,25,Finance,Mid,123185,2,217,4
1483,37,Male,Master,31,Sales,Junior,151686,3,126,9
1484,35,Female,PhD,5,HR,Senior,51445,8,159,6
1485,52,Male,PhD,10,Marketing,Junior,88266,7,211,7
1486,26,Male,Master,32,HR,Junior,123809,2,158,3
1487,56,Female,Bachelor,23,Sales,Senior,131729,6,181,8
1488,44,Male,PhD,22,Sales,Junior,132785,9,222,3
1489,50,Female,Bachelor,14,HR,Mid,103547,4,211,1
1490,32,Female,PhD,26,Marketing,Mid,145818,9,197,5
1491,39,Male,Master,10,HR,Mid,89886,2,172,2
1492,33,Male,PhD,16,Sales,Junior,79391,2,233,6
1493,30,Female,Master,13,Sales,Mid,64145,9,221,9
1494,31,Male,PhD,26,Finance,Mid,116929,7,123,1
1495,38,Male,Master,17,Finance,Mid,100326,7,225,4
1496,59,Male,Master,27,IT,Mid,135991,1,201,1
1497,28,Male,Master,3,Sales,Mid,81685,6,227,1
1498,34,Male,Master,6,Finance,Mid,80333,7,231,8
1499,30,Female,Bachelor,34,HR,Junior,143576,6,144,2
1500,48,Female,Master,8,Marketing,Mid,88405,6,126,1
1501,23,Male,Bachelor,7,HR,Mid,74464,2,221,8
1502,26,Male,Bachelor,16,Marketing,Senior,81243,6,147,4
1503,50,Male,Master,16,Finance,Junior,104601,4,188,3
1504,58,Female,Bachelor,32,IT,Junior,123410,9,186,4
1505,59,Male,PhD,31,HR,Junior,119820,1,227,5
1506,40,Female,Master,7,HR,Junior,81289,8,214,1
1507,29,Female,Bachelor,18,HR,Mid,117650,5,230,1
1508,22,Female,Master,2,Marketing,Mid,65635,1,225,3
1509,43,Male,Master,4,Finance,Senior,44465,4,139,6
1510,38,Female,Master,12,HR,Senior,93439,1,202,1
1511,28,Male,Bachelor,30,HR,Junior,142314,6,231,2
1512,46,Female,PhD,15,IT,Senior,114229,2,130,7
1513,25,Male,PhD,31,IT,Senior,137583,5,223,1
1514,57,Female,Bachelor,21,Finance,Junior,115155,7,186,7
1515,27,Male,Master,28,Finance,Junior,147871,2,206,4
1516,52,Female,Bachelor,21,Sales,Senior,100197,6,126,6
1517,40,Male,Bachelor,2,IT,Mid,60511,6,142,8
1518,48,Male,Bachelor,9,Sales,Senior,67424,5,180,9
1519,31,Male,Master,20,Marketing,Senior,133821,5,190,6
1520,47,Male,Bachelor,15,Sales,Mid,70240,3,229,9
1521,40,Female,Master,11,HR,Mid,62631,2,153,4
1522,24,Female,Bachelor,1,Sales,Junior,37599,7,225,6
1523,34,Male,PhD,23,Finance,Junior,138462,1,138,8
1524,49,Female,Bachelor,34,Marketing,Senior,151658,6,177,9
1525,41,Male,Bachelor,29,HR,Mid,149845,6,128,3
1526,49,Male,PhD,29,Sales,Junior,144574,3,167,2
1527,29,Female,Master,34,Marketing,Senior,163536,2,234,6
1528,22,Male,Master,18,Marketing,Mid,120910,2,201,4
1529,24,Male,Bachelor,7,HR,Senior,53995,9,160,1
1530,34,Female,PhD,25,Sales,Junior,125186,5,167,8
1531,49,Male,Master,6,Marketing,Junior,72245,7,164,9
1532,46,Male,Bachelor,29,Marketing,Mid,134813,5,225,9
1533,54,Male,PhD,6,IT,Senior,56276,7,144,2
1534,59,Male,Master,2,Marketing,Mid,50989,4,235,9
1535,27,Female,Master,0,IT,Junior,37746,8,197,7
1536,53,Female,PhD,24,Sales,Junior,141243,7,227,5
1537,42,Female,PhD,0,Sales,Senior,43557,5,144,7
1538,37,Male,PhD,14,Sales,Senior,95060,6,138,9
1539,42,Male,PhD,12,Finance,Senior,67568,5,158,8
1540,32,Female,Bachelor,7,Sales,Mid,81369,7,238,6
1541,58,Male,PhD,4,Marketing,Senior,56041,2,198,4
1542,57,Male,Master,8,HR,Senior,55080,5,199,1
1543,56,Male,Master,0,IT,Junior,38854,3,146,6
1544,40,Male,Bachelor,34,Finance,Junior,129159,9,223,3
1545,41,Female,Master,1,Sales,Senior,55025,6,193,6
1546,39,Female,Master,22,Sales,Senior,132081,3,182,6
1547,35,Female,PhD,8,HR,Junior,53368,7,187,4
1548,36,Male,Master,33,HR,Senior,158085,4,234,2
1549,52,Female,Bachelor,13,Finance,Mid,91094,3,138,9
1550,22,Female,PhD,3,IT,Mid,80040,8,147,2
1551,24,Male,PhD,29,Sales,Mid,113230,4,204,3
1552,37,Male,Bachelor,30,Finance,Senior,132517,1,230,1
1553,44,Female,PhD,10,Marketing,Junior,78991,6,197,7
1554,32,Female,PhD,34,Marketing,Senior,128301,1,152,1
1555,33,Female,Bachelor,7,Finance,Senior,74610,5,231,9
1556,31,Female,PhD,2,Sales,Junior,46927,7,129,1
1557,53,Male,Bachelor,13,Finance,Junior,98678,6,202,5
1558,37,Female,Bachelor,12,Sales,Junior,85466,2,149,7
1559,29,Female,Master,31,HR,Mid,132904,4,141,3
1560,59,Male,Master,33,Finance,Senior,164875,2,122,9
1561,33,Female,PhD,18,Sales,Junior,105081,1,220,8
1562,45,Male,PhD,15,Finance,Senior,94354,3,224,3
1563,49,Male,Bachelor,1,Finance,Mid,55761,3,201,5
1564,29,Male,PhD,16,Sales,Mid,91300,7,194,7
1565,49,Female,Bachelor,33,Sales,Junior,153491,1,167,4
1566,57,Female,Bachelor,15,IT,Junior,105525,9,121,5
1567,47,Male,PhD,1,Finance,Senior,54532,6,195,3
1568,29,Female,Bachelor,1,Marketing,Junior,34464,4,173,9
1569,49,Female,Master,25,Finance,Senior,116562,3,125,9
1570,49,Male,PhD,12,Finance,Junior,102856,3,226,7
1571,58,Male,Master,30,Sales,Senior,162892,2,159,2
1572,57,Female,PhD,33,Finance,Senior,171028,2,227,7
1573,48,Male,Bachelor,2,Finance,Senior,73511,5,212,7
1574,38,Female,PhD,7,Marketing,Senior,54683,9,213,5
1575,30,Female,Master,22,Sales,Mid,123634,2,121,9
1576,54,Female,Bachelor,13,Finance,Senior,64060,2,192,3
1577,41,Female,PhD,26,HR,Junior,112269,6,230,4
1578,34,Male,PhD,28,IT,Mid,132065,2,121,1
1579,49,Male,PhD,0,Marketing,Mid,27895,4,212,6
1580,50,Male,Master,16,Finance,Senior,88323,6,216,4
1581,34,Male,Master,29,HR,Mid,124352,5,193,1
1582,56,Female,PhD,12,Finance,Senior,105643,1,217,2
1583,27,Female,Bachelor,20,Finance,Junior,134737,6,227,3
1584,39,Male,Bachelor,18,Sales,Senior,117591,1,174,9
1585,26,Female,Master,18,Sales,Mid,109890,3,191,8
1586,46,Female,Bachelor,24,Sales,Junior,129016,5,220,7
1587,23,Female,Master,21,HR,Senior,99962,5,237,4
1588,31,Male,PhD,30,Finance,Junior,148302,6,179,1
1589,51,Male,Master,16,IT,Junior,92846,8,216,8
1590,26,Male,Master,22,Marketing,Mid,95011,5,230,4
1591,54,Female,PhD,31,Sales,Junior,137782,1,125,3
1592,22,Male,Bachelor,9,Sales,Mid,54155,5,227,9
1593,39,Male,Master,9,Finance,Junior,91725,3,223,4
1594,53,Male,Master,7,Finance,Senior,55196,4,228,4
1595,32,Male,PhD,19,HR,Junior,125459,8,138,9
1596,42,Male,Bachelor,31,HR,Senior,139709,7,215,2
1597,47,Male,Master,13,Sales,Senior,77327,5,146,5
1598,46,Female,PhD,27,Finance,Junior,141474,2,120,4
1599,43,Female,Master,23,IT,Senior,126769,6,226,9
1600,48,Male,PhD,14,Marketing,Junior,108993,6,235,5
1601,34,Male,Bachelor,21,Finance,Junior,112700,6,152,9
1602,54,Female,Bachelor,29,Finance,Senior,126820,9,159,9
1603,55,Female,Bachelor,3,HR,Senior,44891,8,151,2
1604,56,Male,Bachelor,12,Marketing,Mid,95629,8,188,9
1605,22,Male,Master,22,Sales,Senior,96269,1,136,3
1606,42,Male,Master,7,Finance,Mid,89880,5,127,4
1607,27,Male,Bachelor,17,Sales,Senior,124467,7,176,1
1608,49,Female,Bachelor,11,Finance,Junior,66320,6,161,1
1609,38,Male,Bachelor,30,Sales,Senior,164589,5,217,1
1610,26,Male,Master,13,Marketing,Junior,74740,8,128,9
1611,52,Male,Bachelor,33,HR,Junior,159897,3,239,8
1612,26,Male,Bachelor,17,Marketing,Junior,106930,6,206,5
1613,59,Female,Bachelor,33,IT,Mid,141285,5,154,5
1614,24,Female,PhD,10,HR,Senior,69380,8,233,9
1615,44,Female,Bachelor,11,Marketing,Junior,69360,4,190,3
1616,58,Male,PhD,14,IT,Junior,72398,8,198,3
1617,58,Male,PhD,30,Finance,Mid,120529,2,172,7
1618,31,Female,Bachelor,28,Finance,Senior,138062,9,173,9
1619,31,Male,PhD,25,Sales,Senior,136686,9,203,6
1620,40,Male,Bachelor,17,HR,Mid,93451,6,233,2
1621,38,Female,Master,31,Finance,Mid,167178,4,144,1
1622,42,Female,Master,21,HR,Senior,94937,4,186,2
1623,35,Female,Master,16,Finance,Mid,112886,6,181,1
1624,30,Female,Master,22,Sales,Senior,140699,5,174,9
1625,22,Male,PhD,23,Marketing,Senior,104860,6,165,8
1626,34,Male,Bachelor,7,Sales,Junior,71142,7,143,7
1627,25,Female,Bachelor,5,IT,Junior,65279,7,217,3
1628,22,Male,Bachelor,4,Finance,Senior,75106,9,165,8
1629,53,Female,Master,28,IT,Senior,154240,8,141,2
1630,55,Female,Master,27,IT,Senior,141908,6,130,2
1631,49,Male,Bachelor,10,HR,Senior,95764,6,167,3
1632,52,Female,Master,0,Finance,Senior,73257,5,127,7
1633,29,Male,Bachelor,18,IT,Senior,93201,1,158,1
1634,47,Male,Bachelor,8,Marketing,Mid,89544,9,226,8
1635,55,Male,Bachelor,26,IT,Senior,140711,9,154,7
1636,24,Male,Bachelor,33,Marketing,Mid,169654,9,168,4
1637,33,Female,Bachelor,3,HR,Mid,42997,8,165,5
1638,22,Male,Bachelor,17,IT,Senior,116566,3,157,1
1639,26,Female,Bachelor,14,Sales,Senior,87175,1,127,4
1640,51,Female,Master,12,HR,Mid,101860,8,173,1
1641,51,Female,Bachelor,18,Marketing,Mid,82225,7,156,1
1642,38,Female,Bachelor,5,HR,Senior,84578,5,210,1
1643,44,Male,Master,11,IT,Senior,105682,7,211,7
1644,36,Male,Master,16,Finance,Mid,108228,4,159,7
1645,58,Female,Master,22,Finance,Mid,132505,9,153,4
1646,42,Female,Bachelor,25,Marketing,Mid,146688,2,215,2
1647,35,Male,PhD,28,Marketing,Junior,132110,9,198,3
1648,23,Female,PhD,32,Finance,Mid,131754,9,227,8
1649,32,Male,Master,26,Marketing,Junior,129655,5,136,8
1650,59,Female,PhD,24,HR,Senior,140601,1,152,6
1651,55,Male,Master,9,Sales,Senior,55114,7,166,9
1652,59,Female,Bachelor,22,Sales,Mid,117502,4,229,9
1653,55,Female,PhD,20,HR,Senior,134768,9,171,4
1654,39,Male,Bachelor,20,Sales,Senior,133128,6,237,1
1655,51,Female,PhD,12,IT,Senior,81028,3,199,1
1656,36,Female,Bachelor,32,HR,Senior,138587,6,212,5
1657,48,Male,PhD,23,Marketing,Junior,136719,6,128,2
1658,55,Female,Bachelor,10,HR,Junior,90333,5,152,6
1659,59,Male,Bachelor,16,Finance,Mid,76174,2,179,7
1660,54,Male,PhD,3,Marketing,Mid,69398,2,232,1
1661,45,Female,Bachelor,24,Finance,Mid,132929,7,212,6
1662,36,Female,Bachelor,29,Marketing,Senior,116321,2,196,8
1663,51,Female,Bachelor,8,Sales,Senior,79435,6,140,5
1664,38,Female,PhD,20,HR,Junior,130972,5,177,7
1665,26,Female,PhD,19,IT,Junior,89099,4,204,6
1666,50,Female,Bachelor,18,Marketing,Mid,102760,7,188,4
1667,25,Female,Bachelor,18,Marketing,Junior,90360,8,129,7
1668,31,Male,PhD,11,Finance,Junior,68313,4,125,9
1669,38,Female,PhD,16,Sales,Junior,119270,1,239,7
1670,31,Male,Bachelor,27,Finance,Junior,126462,1,234,5
1671,38,Female,Bachelor,34,Finance,Junior,132801,1,132,7
1672,41,Female,Bachelor,17,Sales,Mid,90130,1,184,3
1673,45,Male,Master,13,IT,Mid,78271,5,139,2
1674,26,Female,PhD,34,Finance,Junior,143075,4,176,5
1675,55,Female,Master,6,Finance,Mid,79919,9,230,4
1676,27,Male,PhD,12,Marketing,Senior,102679,3,165,5
1677,23,Female,PhD,17,Sales,Junior,94984,7,127,8
1678,34,Female,PhD,12,HR,Senior,83559,8,129,4
1679,32,Female,PhD,30,IT,Mid,127861,6,192,9
1680,44,Male,PhD,1,IT,Mid,61434,1,232,7
1681,37,Female,PhD,15,Sales,Senior,86667,8,224,7
1682,52,Female,PhD,8,Marketing,Mid,54840,3,186,8
1683,32,Female,Master,8,Marketing,Junior,52565,8,130,6
1684,37,Female,Bachelor,10,Sales,Senior,98194,4,131,8
1685,29,Male,Bachelor,21,Marketing,Junior,108977,8,129,3
1686,25,Male,Master,32,IT,Senior,142118,1,144,1
1687,25,Female,Master,22,IT,Mid,113641,3,168,6
1688,46,Female,Master,33,HR,Senior,131366,6,168,1
1689,24,Male,Master,8,Sales,Senior,75636,9,208,9
1690,53,Male,PhD,23,Finance,Junior,109630,2,130,2
1691,24,Female,Bachelor,7,Finance,Mid,66056,1,181,2
1692,48,Male,PhD,6,HR,Junior,50382,3,237,7
1693,50,Female,Bachelor,17,HR,Mid,92149,4,155,2
1694,53,Male,Bachelor,2,Marketing,Junior,79639,5,158,8
1695,40,Male,Master,27,HR,Senior,152041,3,172,6
1696,42,Male,PhD,5,HR,Junior,40992,2,209,7
1697,26,Male,Master,20,Finance,Mid,91858,2,197,7
1698,39,Female,PhD,27,Marketing,Mid,108121,7,222,6
1699,49,Male,Bachelor,0,HR,Senior,52160,9,175,9
1700,43,Male,Master,20,HR,Mid,130156,2,223,9
1701,42,Female,Master,34,Marketing,Junior,147906,7,120,7
1702,27,Male,Bachelor,12,Sales,Senior,80572,7,175,9
1703,22,Male,Bachelor,9,Marketing,Mid,56136,7,237,3
1704,26,Female,Bachelor,9,Finance,Mid,68727,3,123,3
1705,33,Male,Master,12,Sales,Junior,93167,7,149,1
1706,47,Female,PhD,23,IT,Junior,139421,1,131,5
1707,55,Female,Master,1,Marketing,Senior,43479,1,239,4
1708,35,Female,PhD,21,Finance,Mid,119376,5,154,2
1709,47,Female,Master,16,Sales,Junior,77823,2,196,9
1710,48,Male,Master,13,Marketing,Senior,68920,9,171,3
1711,30,Female,Bachelor,9,HR,Mid,71585,7,150,8
1712,47,Male,PhD,34,Marketing,Mid,165239,4,221,6
1713,43,Male,Master,24,IT,Senior,114272,4,226,5
1714,51,Male,Master,2,Marketing,Senior,57619,2,206,1
1715,38,Male,Bachelor,16,Sales,Junior,82533,5,187,4
1716,47,Male,Bachelor,11,Sales,Mid,97895,4,171,3
1717,57,Male,PhD,23,Marketing,Mid,97720,1,199,1
1718,22,Male,Master,28,Sales,Mid,128267,8,126,5
1719,29,Male,PhD,24,HR,Senior,112696,3,141,6
1720,56,Male,Master,25,Marketing,Junior,129968,6,212,2
1721,36,Male,PhD,0,HR,Mid,48345,4,194,3
1722,43,Female,Bachelor,19,HR,Senior,107693,9,175,6
1723,35,Female,Master,27,Finance,Mid,125385,7,216,4
1724,47,Female,PhD,15,Marketing,Junior,88122,9,177,9
1725,49,Male,Bachelor,16,Sales,Mid,74364,3,212,5
1726,44,Female,Bachelor,27,HR,Junior,108708,1,183,4
1727,35,Female,PhD,11,Finance,Junior,70982,5,222,2
1728,45,Female,Master,26,Marketing,Mid,120308,3,131,6
1729,23,Male,Master,29,Marketing,Mid,144919,6,126,2
1730,47,Male,Bachelor,33,IT,Junior,149161,8,174,7
1731,35,Male,Master,5,IT,Senior,75089,4,222,3
1732,28,Male,Master,6,HR,Junior,56865,5,225,9
1733,24,Female,Master,31,IT,Mid,118495,5,181,5
1734,44,Female,Bachelor,31,HR,Mid,162755,4,231,8
1735,39,Female,PhD,24,Sales,Senior,99148,4,209,6
1736,59,Female,Master,32,HR,Junior,154324,4,223,8
1737,56,Male,Bachelor,6,IT,Junior,56393,4,192,3
1738,36,Male,Bachelor,11,Sales,Junior,59552,4,224,3
1739,46,Male,PhD,15,IT,Mid,105853,5,217,5
1740,58,Female,Master,15,HR,Junior,102924,2,228,3
1741,49,Male,Master,12,Finance,Senior,69926,2,196,8
1742,31,Male,PhD,6,Marketing,Mid,73851,9,174,8
1743,38,Female,PhD,8,IT,Mid,72889,2,238,2
1744,43,Female,Bachelor,31,HR,Junior,157930,6,155,4
1745,47,Male,Bachelor,10,Sales,Senior,63055,2,208,1
1746,46,Male,PhD,7,IT,Mid,50654,5,143,4
1747,38,Male,Master,32,IT,Mid,143634,4,163,4
1748,34,Male,Bachelor,22,Marketing,Junior,123363,7,136,9
1749,41,Male,Bachelor,24,HR,Junior,108468,7,121,3
1750,46,Male,Master,7,Finance,Senior,78922,6,132,2
1751,25,Female,Bachelor,21,Sales,Junior,128718,5,150,9
1752,31,Female,Master,3,HR,Senior,82091,1,212,9
1753,24,Female,Master,2,Sales,Mid,48380,3,233,1
1754,39,Male,Master,28,IT,Senior,135870,9,147,6
1755,57,Female,PhD,28,Marketing,Senior,146394,1,179,8
1756,43,Male,PhD,33,Marketing,Senior,138259,5,146,3
1757,55,Male,PhD,33,Finance,Mid,138873,2,134,9
1758,29,Female,Master,27,Marketing,Junior,119016,4,214,2
1759,40,Male,Master,12,IT,Mid,103137,1,223,6
1760,58,Male,PhD,14,Finance,Junior,67153,3,198,1
1761,27,Female,Bachelor,22,HR,Senior,98853,7,152,7
1762,47,Female,Master,25,Marketing,Senior,112379,3,139,3
1763,55,Female,Bachelor,3,Finance,Senior,49792,4,161,7
1764,27,Male,Bachelor,25,IT,Senior,138367,2,131,4
1765,58,Female,Master,8,Sales,Senior,67100,3,220,9
1766,54,Female,Master,4,Sales,Junior,84553,9,192,5
1767,43,Male,Bachelor,31,IT,Junior,129049,3,142,3
1768,42,Female,Bachelor,19,IT,Senior,82786,5,191,8
1769,27,Female,PhD,10,Sales,Mid,59368,2,215,6
1770,27,Female,PhD,14,Finance,Mid,97699,4,231,2
1771,25,Male,Master,31,Sales,Senior,165691,7,133,3
1772,51,Male,PhD,27,IT,Junior,143040,7,210,8
1773,32,Male,PhD,21,Marketing,Mid,115454,3,144,7
1774,51,Male,PhD,16,HR,Mid,111762,5,196,6
1775,52,Female,PhD,25,Marketing,Mid,123600,1,238,1
1776,45,Male,Bachelor,6,Marketing,Senior,72238,1,204,9
1777,30,Male,Master,25,IT,Mid,125241,5,228,3
1778,24,Female,PhD,24,Sales,Mid,116810,9,150,5
1779,52,Female,Bachelor,9,Finance,Mid,72167,1,220,7
1780,58,Female,Bachelor,18,Marketing,Mid,100811,1,231,7
1781,57,Male,Bachelor,10,Sales,Junior,94779,4,226,3
1782,45,Male,PhD,12,Finance,Senior,81085,4,173,4
1783,52,Male,PhD,7,Marketing,Senior,92854,2,124,7
1784,27,Female,Master,3,Finance,Junior,43261,9,132,8
1785,23,Female,PhD,30,Sales,Junior,133733,9,147,2
1786,41,Male,PhD,27,HR,Senior,145779,2,162,9
1787,49,Female,Bachelor,10,Sales,Mid,84079,9,208,7
1788,32,Female,Master,0,IT,Mid,58980,6,234,8
1789,25,Female,PhD,23,Finance,Senior,108141,8,218,6
1790,36,Male,PhD,30,HR,Mid,124344,4,166,6
1791,27,Female,Bachelor,25,Finance,Junior,139472,2,222,9
1792,51,Female,Bachelor,4,Finance,Mid,52896,2,190,4
1793,59,Male,PhD,19,Marketing,Mid,105817,9,157,5
1794,23,Male,Master,10,IT,Mid,84813,1,215,9
1795,36,Female,Master,32,Finance,Senior,139895,7,186,1
1796,32,Female,Bachelor,26,Sales,Junior,103143,3,181,4
1797,29,Male,Bachelor,33,Sales,Mid,134681,3,228,7
1798,47,Male,PhD,14,Marketing,Senior,74367,2,158,9
1799,26,Female,Bachelor,31,IT,Mid,121228,6,156,6
1800,27,Female,PhD,20,IT,Junior,89582,2,238,8
1801,47,Female,Master,4,Sales,Mid,50147,4,233,9
1802,25,Female,Master,5,HR,Junior,51397,9,205,4
1803,40,Male,PhD,21,Marketing,Mid,126799,9,127,1
1804,41,Female,Bachelor,17,Marketing,Junior,113011,6,200,8
1805,54,Female,Master,13,Sales,Mid,77647,4,171,2
1806,41,Male,Bachelor,9,Sales,Junior,79718,7,210,1
1807,33,Female,Master,12,HR,Mid,105264,1,152,7
1808,22,Male,PhD,30,HR,Mid,157317,4,229,9
1809,47,Female,PhD,29,IT,Senior,159914,5,200,9
1810,35,Female,PhD,2,Marketing,Senior,50097,8,161,3
1811,59,Male,Master,29,Marketing,Junior,148953,2,195,6
1812,58,Male,Bachelor,5,Sales,Mid,85254,5,231,7
1813,32,Female,Bachelor,28,IT,Junior,149096,6,229,9
1814,57,Female,Bachelor,7,Marketing,Senior,95452,5,146,2
1815,34,Female,Master,32,IT,Junior,138107,9,231,8
1816,24,Male,Master,16,IT,Junior,76010,1,127,7
1817,54,Female,Master,10,Sales,Senior,60555,3,142,4
1818,27,Male,Master,12,IT,Mid,61067,2,225,2
1819,31,Male,Master,10,HR,Junior,83412,3,232,8
1820,26,Female,Bachelor,30,HR,Senior,159953,9,183,5
1821,44,Male,Master,27,Finance,Mid,140305,9,212,6
1822,31,Female,Master,5,Sales,Senior,89549,2,233,7
1823,23,Female,Bachelor,15,Finance,Junior,81549,3,139,1
1824,34,Female,Master,3,HR,Mid,39680,4,135,8
1825,23,Female,Bachelor,34,Finance,Mid,152739,9,136,4
1826,41,Female,Bachelor,25,Sales,Senior,121209,3,199,9
1827,22,Male,PhD,11,Sales,Senior,99515,7,138,1
1828,58,Male,PhD,10,IT,Senior,77432,3,239,2
1829,30,Female,PhD,24,Marketing,Mid,112116,7,239,6
1830,38,Female,PhD,17,IT,Mid,96045,7,127,1
1831,30,Male,Master,18,Sales,Junior,105327,9,157,4
1832,32,Male,PhD,22,HR,Mid,126709,2,157,8
1833,36,Male,Bachelor,17,HR,Junior,119617,6,172,5
1834,45,Male,Master,25,IT,Senior,126905,9,212,9
1835,59,Female,PhD,5,Sales,Senior,47067,2,224,6
1836,56,Female,Bachelor,3,HR,Mid,66559,2,219,1
1837,51,Male,Master,28,Sales,Senior,151919,5,209,6
1838,52,Female,Master,33,HR,Senior,141985,8,150,6
1839,26,Male,PhD,16,Sales,Mid,100369,9,163,6
1840,35,Female,Master,15,Finance,Junior,87864,2,179,8
1841,32,Male,Bachelor,1,Sales,Mid,50614,5,195,6
1842,30,Female,Master,33,Sales,Junior,171894,7,238,5
1843,55,Male,Bachelor,7,IT,Mid,61613,6,136,2
1844,33,Male,Master,12,Finance,Mid,67447,6,198,4
1845,56,Female,PhD,7,Marketing,Senior,51499,7,192,5
1846,56,Male,Bachelor,29,IT,Mid,151041,3,158,4
1847,22,Female,Master,31,Marketing,Mid,149315,3,161,2
1848,43,Female,Master,29,HR,Junior,113299,9,167,7
1849,50,Male,Master,0,Marketing,Senior,64469,8,131,2
1850,29,Female,Bachelor,16,Sales,Junior,77994,5,215,1
1851,32,Female,Bachelor,19,Marketing,Junior,111878,6,208,5
1852,58,Female,Bachelor,23,IT,Senior,109627,1,222,1
1853,35,Female,PhD,21,IT,Senior,95489,1,137,1
1854,51,Female,PhD,28,Marketing,Senior,135111,4,198,1
1855,56,Male,Bachelor,21,IT,Mid,120355,2,215,6
1856,42,Female,Master,8,IT,Senior,57269,7,125,9
1857,58,Female,PhD,9,Marketing,Senior,54831,2,227,1
1858,26,Female,Bachelor,27,Finance,Senior,150370,2,162,5
1859,40,Female,Master,27,Finance,Junior,117819,5,235,9
1860,35,Female,PhD,20,HR,Junior,109813,4,154,9
1861,47,Male,Master,23,IT,Mid,115637,8,217,1
1862,25,Female,Master,1,Marketing,Junior,29996,4,221,8
1863,46,Male,Master,7,IT,Mid,90387,6,239,1
1864,46,Male,Master,26,Sales,Junior,152429,5,173,8
1865,39,Male,PhD,21,IT,Senior,91089,2,181,1
1866,29,Male,PhD,26,IT,Junior,136291,8,188,5
1867,35,Female,PhD,28,Finance,Mid,129659,2,201,8
1868,53,Male,Bachelor,2,Marketing,Junior,76178,9,135,6
1869,59,Male,PhD,12,IT,Senior,91429,9,127,9
1870,54,Female,Master,9,Finance,Mid,67732,3,208,1
1871,44,Female,PhD,8,HR,Senior,68506,4,215,9
1872,36,Female,Master,26,Finance,Senior,143935,8,209,1
1873,54,Male,Bachelor,33,Finance,Mid,129190,9,235,3
1874,46,Female,Master,0,Finance,Senior,29575,3,205,1
1875,38,Female,Master,31,IT,Senior,158495,5,150,3
1876,54,Male,Master,24,IT,Junior,145146,8,226,2
1877,23,Female,Bachelor,28,HR,Senior,143565,3,129,2
1878,35,Female,PhD,6,Sales,Senior,77899,7,175,9
1879,27,Female,PhD,2,Sales,Senior,54706,8,195,8
1880,27,Female,Bachelor,19,Sales,Senior,129668,3,236,1
1881,24,Male,Master,19,HR,Mid,104884,2,211,4
1882,28,Female,PhD,29,Sales,Junior,129199,7,189,1
1883,29,Female,Bachelor,34,Sales,Senior,171100,9,139,1
1884,36,Male,PhD,34,Finance,Senior,166434,1,124,4
1885,50,Female,Bachelor,26,IT,Mid,152294,3,142,2
1886,54,Male,Master,25,IT,Senior,112479,5,128,3
1887,51,Female,PhD,13,Finance,Mid,98178,3,177,9
1888,48,Male,Bachelor,16,Finance,Junior,85665,1,178,2
1889,57,Male,PhD,17,Finance,Junior,76534,7,212,4
1890,50,Male,PhD,28,IT,Senior,135292,7,199,1
1891,59,Male,PhD,19,Sales,Senior,118132,8,173,2
1892,54,Female,PhD,26,Finance,Senior,139110,5,165,5
1893,58,Male,Bachelor,17,HR,Mid,98469,5,141,1
1894,48,Female,Master,3,Finance,Senior,80233,5,183,7
1895,54,Male,Bachelor,0,Marketing,Senior,62268,1,127,4
1896,25,Male,Bachelor,0,Finance,Junior,26172,5,139,6
1897,43,Male,Bachelor,25,IT,Senior,127914,6,170,8
1898,23,Female,Master,19,Finance,Junior,102901,1,197,6
1899,31,Male,PhD,22,Marketing,Senior,131775,7,158,2
1900,26,Female,PhD,9,HR,Junior,86409,1,156,1
1901,31,Female,PhD,10,Sales,Senior,104623,2,169,8
1902,54,Female,Master,4,Finance,Junior,56324,2,153,8
1903,59,Female,PhD,0,Marketing,Mid,33738,5,194,9
1904,34,Female,Master,16,Marketing,Junior,110494,7,237,6
1905,52,Female,PhD,21,HR,Junior,132557,1,223,1
1906,57,Female,PhD,33,IT,Junior,148054,1,152,9
1907,45,Female,Bachelor,28,Finance,Senior,138709,1,150,3
1908,36,Female,Master,3,Marketing,Senior,77785,6,173,6
1909,50,Male,Bachelor,4,HR,Senior,57107,2,163,9
1910,29,Male,Bachelor,10,Sales,Mid,55363,1,153,3
1911,26,Male,Bachelor,20,Marketing,Mid,95358,6,233,5
1912,50,Male,Master,34,HR,Junior,163077,2,190,5
1913,25,Male,Master,11,IT,Mid,107697,6,232,7
1914,33,Female,PhD,25,IT,Junior,103240,8,237,4
1915,23,Female,Bachelor,18,Marketing,Junior,85665,2,181,4
1916,48,Female,PhD,6,Marketing,Junior,88689,9,142,7
1917,52,Female,Bachelor,6,Finance,Mid,44936,8,165,9
1918,57,Female,Master,25,HR,Senior,146736,1,175,4
1919,57,Female,Master,4,Marketing,Mid,62538,7,126,4
1920,47,Female,Master,20,Finance,Junior,128965,6,237,6
1921,48,Male,Bachelor,13,Finance,Junior,75998,6,208,6
1922,26,Male,Master,3,Marketing,Mid,34882,6,180,7
1923,41,Male,Bachelor,22,IT,Junior,111224,6,122,1
1924,32,Male,PhD,19,HR,Junior,121691,7,157,3
1925,31,Female,Bachelor,14,HR,Mid,113476,3,203,9
1926,59,Female,PhD,28,IT,Mid,139825,6,153,6
1927,27,Female,Bachelor,7,Marketing,Mid,51204,3,232,6
1928,29,Male,PhD,18,HR,Junior,107885,7,163,5
1929,44,Female,Master,27,Marketing,Junior,146056,7,227,3
1930,47,Female,PhD,26,Marketing,Senior,106203,8,149,5
1931,33,Female,Master,3,Finance,Senior,36244,2,136,1
1932,47,Male,Master,14,IT,Mid,99786,9,178,3
1933,34,Female,PhD,34,Marketing,Senior,176793,5,129,4
1934,39,Male,Bachelor,0,Sales,Junior,28083,9,218,5
1935,46,Male,Bachelor,2,IT,Senior,52584,5,203,9
1936,54,Male,Bachelor,23,HR,Junior,102521,7,137,4
1937,33,Male,Bachelor,26,Finance,Mid,136541,9,164,3
1938,57,Female,Bachelor,33,HR,Mid,153063,4,227,1
1939,25,Male,Master,28,HR,Junior,113732,2,210,6
1940,26,Male,Bachelor,23,IT,Senior,121518,9,178,7
1941,58,Female,Master,23,HR,Mid,133563,2,181,8
1942,29,Female,Master,3,Marketing,Mid,73752,3,178,1
1943,49,Male,Master,2,HR,Senior,60697,2,168,4
1944,52,Female,PhD,33,Finance,Senior,126567,3,219,5
1945,30,Male,PhD,22,Finance,Junior,107121,6,182,2
1946,50,Male,Master,22,Sales,Senior,92674,3,206,1
1947,35,Male,PhD,4,Finance,Senior,47875,8,151,8
1948,43,Male,Bachelor,30,HR,Senior,159340,6,129,6
1949,32,Female,Bachelor,5,Finance,Junior,40739,7,130,5
1950,44,Male,Master,9,IT,Junior,53545,1,221,9
1951,22,Female,Bachelor,6,Finance,Mid,72140,3,189,2
1952,58,Female,Master,20,Marketing,Junior,94327,3,224,8
1953,42,Female,Master,19,IT,Mid,87127,2,181,9
1954,47,Female,Bachelor,2,Sales,Senior,54331,7,166,1
1955,57,Male,PhD,21,Marketing,Mid,111004,9,153,7
1956,44,Female,Bachelor,3,HR,Mid,75833,4,219,8
1957,22,Male,Bachelor,27,HR,Senior,116492,5,220,3
1958,36,Female,Master,11,HR,Mid,71749,3,136,4
1959,42,Female,Master,4,Marketing,Junior,60508,9,223,3
1960,30,Male,Master,12,Marketing,Junior,70045,4,223,7
1961,30,Male,Master,22,Marketing,Junior,111116,5,173,9
1962,31,Male,PhD,29,IT,Junior,130667,1,195,3
1963,47,Female,PhD,24,IT,Mid,106521,2,204,6
1964,56,Female,PhD,26,HR,Mid,111669,9,159,8
1965,46,Male,Master,13,Finance,Senior,91302,2,138,6
1966,47,Male,Master,15,HR,Mid,81283,5,186,2
1967,32,Male,Master,21,Sales,Mid,118935,8,201,7
1968,59,Male,PhD,20,IT,Mid,91998,3,172,2
1969,23,Female,Master,20,Marketing,Senior,113806,6,234,2
1970,28,Male,Bachelor,7,IT,Junior,77624,4,183,2
1971,39,Male,Bachelor,15,Marketing,Mid,83440,7,202,1
1972,48,Male,Master,30,Sales,Senior,160465,3,166,1
1973,55,Male,Bachelor,9,Sales,Senior,98501,6,125,7
1974,48,Female,Bachelor,31,IT,Senior,139797,9,135,5
1975,38,Male,PhD,33,Marketing,Junior,125269,1,191,3
1976,45,Female,Master,8,Sales,Mid,56868,3,231,1
1977,46,Male,Master,16,HR,Senior,103251,2,137,6
1978,28,Male,PhD,10,HR,Junior,67373,8,171,1
1979,27,Female,Bachelor,31,Marketing,Senior,136987,7,167,9
1980,45,Male,Bachelor,9,IT,Senior,90729,2,162,2
1981,54,Female,Master,21,Sales,Senior,103734,6,158,1
1982,50,Female,Bachelor,16,IT,Senior,115429,3,168,7
1983,43,Male,PhD,3,HR,Senior,75337,8,232,6
1984,47,Female,PhD,24,Sales,Junior,137325,3,131,6
1985,49,Female,Master,20,IT,Mid,103064,9,228,5
1986,42,Female,PhD,0,Finance,Mid,33433,1,129,4
1987,28,Female,PhD,24,Marketing,Mid,145421,5,190,4
1988,38,Female,Master,16,Marketing,Mid,82111,3,229,3
1989,41,Female,PhD,23,Finance,Junior,132450,6,174,8
1990,41,Female,PhD,1,HR,Junior,76247,2,120,7
1991,43,Female,PhD,14,Sales,Junior,82047,9,168,9
1992,49,Male,Bachelor,31,Marketing,Senior,126084,6,155,1
1993,28,Male,Master,5,Finance,Senior,61751,7,140,7
1994,22,Female,Master,0,Finance,Senior,41453,5,156,4
1995,53,Male,Master,22,HR,Mid,111308,9,235,7
1996,34,Female,Bachelor,16,HR,Senior,111968,1,143,1
1997,51,Female,Bachelor,33,IT,Mid,154077,5,174,5
1998,44,Male,Master,28,Marketing,Senior,152046,6,144,3
1999,40,Female,Bachelor,8,IT,Mid,83775,7,126,5
2000,53,Female,Master,12,Finance,Senior,109570,4,225,4
